{
    "accuracy": [
        0.9854586124420166,
        1.0,
        1.0,
        1.0,
        1.0,
        1.0,
        1.0,
        1.0,
        1.0,
        1.0,
        1.0,
        1.0,
        1.0,
        1.0,
        1.0,
        1.0,
        1.0,
        1.0,
        1.0,
        1.0,
        1.0,
        1.0,
        1.0,
        1.0,
        1.0,
        1.0,
        1.0,
        1.0,
        1.0,
        1.0
    ],
    "loss": [
        0.03282163664698601,
        6.80444500176236e-05,
        2.6586532840155996e-05,
        1.604936369403731e-05,
        1.1304485269647557e-05,
        1.1423609976191074e-05,
        1.0826739526237361e-05,
        8.131569302349817e-06,
        8.18958960735472e-06,
        5.8494088079896756e-06,
        6.857998869236326e-06,
        5.342173608369194e-06,
        5.658564532495802e-06,
        4.378926860226784e-06,
        4.040781732328469e-06,
        4.627055659511825e-06,
        3.318888730063918e-06,
        4.393578365124995e-06,
        4.166510734648909e-06,
        3.596475835365709e-06,
        3.836452833638759e-06,
        3.3418098155379994e-06,
        3.475938683550339e-06,
        3.6195351640344597e-06,
        3.830190507869702e-06,
        3.843730610242346e-06,
        3.8047351154091302e-06,
        3.852292593364837e-06,
        3.170335048707784e-06,
        3.2559348710492486e-06
    ],
    "val_accuracy": [
        0.4117647111415863,
        0.47058823704719543,
        0.47058823704719543,
        0.5058823823928833,
        0.529411792755127,
        0.5529412031173706,
        0.5764706134796143,
        0.6470588445663452,
        0.7058823704719543,
        0.7411764860153198,
        0.7764706015586853,
        0.9058823585510254,
        0.9764705896377563,
        1.0,
        1.0,
        1.0,
        1.0,
        1.0,
        1.0,
        1.0,
        1.0,
        1.0,
        1.0,
        1.0,
        1.0,
        1.0,
        1.0,
        1.0,
        1.0,
        1.0
    ],
    "val_loss": [
        7.7007575035095215,
        6.601696968078613,
        5.904487609863281,
        4.989521503448486,
        4.08281946182251,
        3.2354068756103516,
        2.4369394779205322,
        1.7616299390792847,
        1.2229671478271484,
        0.7298572063446045,
        0.4055511951446533,
        0.18543460965156555,
        0.09044303745031357,
        0.04198722168803215,
        0.016472376883029938,
        0.009275437332689762,
        0.005099666770547628,
        0.0027873183134943247,
        0.0017556329257786274,
        0.0012478999560698867,
        0.0009697445202618837,
        0.00071775569813326,
        0.0005585119361057878,
        0.00042323119123466313,
        0.00036120961885899305,
        0.00030570372473448515,
        0.00026335244183428586,
        0.00024067724007181823,
        0.00021582430053967983,
        0.00019479163165669888
    ]
}